UID DA TOMADA,CIDADE,MORADA,OPERADOR,TYPE2 7kW Custo €,Duração (minutos) até 7kW,POTÊNCIA DA TOMADA (kW),TARIFA 1,TARIFA 2,TARIFA 3,FORMATO DA TOMADA,ESTADO DA TOMADA
EVR-90007-2,Évora,Avenida Infante Dom Henrique,HRZ - Power dot,2.160,583,37,"€0,0037/min ",,,SOCKET,Disponível
EVR-90007-1,Évora,Avenida Infante Dom Henrique,HRZ - Power dot,2.160,583,37,"€0,0037/min ",,,SOCKET,Disponível
EVR-90002-1,Évora,Praça Joaquim António de Aguiar,EDP - EDP Comercial,2.335,583,37,"€0,004/min ",,,SOCKET,Disponível
EVR-90002-2,Évora,Praça Joaquim António de Aguiar,EDP - EDP Comercial,2.335,583,37,"€0,004/min ",,,SOCKET,Disponível
EVR-90008-2,Évora,Rua da Agricultura,EDP - EDP Comercial,2.335,583,37,"€0,004/min ",,,SOCKET,Disponível
EVR-90008-1,Évora,Rua da Agricultura,EDP - EDP Comercial,2.335,583,37,"€0,004/min ",,,SOCKET,Disponível
EVR-90009-1,Évora,Rua de Olivença,EDP - EDP Comercial,2.335,583,37,"€0,004/min ",,,SOCKET,Em uso
EVR-90009-2,Évora,Rua de Olivença,EDP - EDP Comercial,2.335,583,37,"€0,004/min ",,,SOCKET,Disponível
EVR-90001-2,Évora,Praça Porta da Lagoa,GLP - Galp,3.444,583,37,"€0,0059/min ",,,SOCKET,Disponível
EVR-90001-1,Évora,Praça Porta da Lagoa,GLP - Galp,3.444,583,37,"€0,0059/min ",,,SOCKET,Disponível
EVR-90003-1,Évora,Rua Cardeal Rei,GLP - Galp,3.444,583,37,"€0,0059/min ",,,SOCKET,Em uso
EVR-90003-2,Évora,Rua Cardeal Rei,GLP - Galp,3.444,583,37,"€0,0059/min ",,,SOCKET,Disponível
EVR-00012-1,Évora,Hotel Pestana Pousada Convento Évora,EDP - EDP Comercial,9.735,583,72,"€0,297/charge ","€0,06/kWh ","€0,01/min ",SOCKET,Disponível
EVR-00013-1,Évora,Hotel Pestana Pousada Convento Évora,EDP - EDP Comercial,9.735,583,72,"€0,297/charge ","€0,06/kWh ","€0,01/min ",SOCKET,Disponível
EVR-00014-1,Évora,Hotel Vila Galé Evora,EDP - EDP Comercial,9.735,583,74,"€0,297/charge ","€0,06/kWh ","€0,01/min ",SOCKET,Disponível
EVR-00015-1,Évora,Hotel Vila Galé Evora,EDP - EDP Comercial,9.735,583,74,"€0,297/charge ","€0,06/kWh ","€0,01/min ",SOCKET,Disponível
EVR-00023-02,Évora,Évora Hotel - Av. Túlio Espanca,"VEI - Veimonte – Comércio de Veículos de Montemor, Lda",17.814,583,22,"€0,3/charge ","€0,03/min ",,CABLE,Disponível
EVR-00023-01,Évora,Évora Hotel - Av. Túlio Espanca,"VEI - Veimonte – Comércio de Veículos de Montemor, Lda",17.814,583,22,"€0,3/charge ","€0,03/min ",,SOCKET,Disponível
EVR-00024-02,Évora,Everybody Fitness - Rua Luís Adelino Fonseca,"VEI - Veimonte – Comércio de Veículos de Montemor, Lda",17.814,583,22,"€0,3/charge ","€0,03/min ",,CABLE,Disponível
EVR-00024-01,Évora,Everybody Fitness - Rua Luís Adelino Fonseca,"VEI - Veimonte – Comércio de Veículos de Montemor, Lda",17.814,583,22,"€0,3/charge ","€0,03/min ",,SOCKET,Disponível
EVR-00016-1,Évora,Ecorkhotel Évora,"VEI - Veimonte – Comércio de Veículos de Montemor, Lda",18.014,583,22,"€0,5/charge ","€0,03/min ",,SOCKET,Disponível
EVR-00016-2,Évora,Ecorkhotel Évora,"VEI - Veimonte – Comércio de Veículos de Montemor, Lda",18.014,583,22,"€0,5/charge ","€0,03/min ",,SOCKET,Disponível
EVR-00019-02,Évora,Rua Dionísio de Aires Moleiro,HRZ - Power dot,20.732,583,22,"€0,3/charge ","€0,035/min ",,SOCKET,Disponível
EVR-00019-01,Évora,Rua Dionísio de Aires Moleiro,HRZ - Power dot,20.732,583,22,"€0,3/charge ","€0,035/min ",,SOCKET,Disponível
MMN-00005-01,Montemor-o-Novo,A6 km 55.4 Oeste-Este,GLG - Galpgeste,23.028,583,22,"€0,2608/charge ","€0,039/min ",,SOCKET,Disponível
MMN-00005-02,Montemor-o-Novo,A6 km 55.4 Oeste-Este,GLG - Galpgeste,23.028,583,22,"€0,2608/charge ","€0,039/min ",,SOCKET,Disponível
MMN-00006-01,Montemor-o-Novo,A6 km 55.4 Este-Oeste,GLG - Galpgeste,23.028,583,22,"€0,2608/charge ","€0,039/min ",,SOCKET,Disponível
MMN-00006-02,Montemor-o-Novo,A6 km 55.4 Este-Oeste,GLG - Galpgeste,23.028,583,22,"€0,2608/charge ","€0,039/min ",,SOCKET,Disponível
EVR-00017-03,Évora,Rua Horta das Figueiras,KLC - Atlante,46.703,583,43,"€0,08/min ",,,CABLE,Disponível
EVR-00011-03,Évora,Rua do Chafariz Del Rei,EDP - EDP Comercial,55.459,583,43,"€0,095/min ",,,CABLE,Disponível
EVR-00018-03,Évora,Avenida Túlio Espanca,HRZ - Power dot,58.678,583,43,"€0,3/charge ","€0,1/min ",,CABLE,Disponível
EVR-00021-03,Évora,R. da Quinta da Alcântara,HRZ - Power dot,58.678,583,22,"€0,3/charge ","€0,1/min ",,CABLE,Disponível
EVR-00029-01,Évora,R. Bento de Jesus Caraça 1,KLC - Atlante,64.216,583,22,"€0,11/min ",,,CABLE,Disponível
MMN-00001-03,Montemor-o-Novo,"A6 Km 55,4 (Marateca/Caia)",GLG - Galpgeste,70.315,583,43,"€0,2608/charge ","€0,12/min ",,CABLE,Disponível
EVR-00022-03,Évora,RUA DA BARBA RALA N1-A,MOO - MOON-POWER,117.053,583,22,"€0,296/charge ","€0,2/min ",,SOCKET,Disponível
