UID DA TOMADA,CIDADE,MORADA,OPERADOR,CCS2 Custo €,TYPE2 7kW Custo €,TYPE2 22kW Custo €,Duração (minutos) até 130kW,Duração (minutos) até 7kW,Duração (minutos) até 22kW,POTÊNCIA DA TOMADA (kW),TARIFA 1,TARIFA 2,TARIFA 3,TIPO DE TOMADA,FORMATO DA TOMADA,ESTADO DO POSTO,ESTADO DA TOMADA
EVR-90007-2,Évora,Avenida Infante Dom Henrique,HRZ - Power dot,0.281,2.160,0.533,75,583,144,37,"€0,0037/min ",,,Mennekes,SOCKET,Disponível,Disponível
EVR-90007-1,Évora,Avenida Infante Dom Henrique,HRZ - Power dot,0.281,2.160,0.533,75,583,144,37,"€0,0037/min ",,,Mennekes,SOCKET,Disponível,Disponível
EVR-90002-1,Évora,Praça Joaquim António de Aguiar,EDP - EDP Comercial,0.304,2.335,0.576,75,583,144,37,"€0,004/min ",,,Mennekes,SOCKET,Disponível,Disponível
EVR-90002-2,Évora,Praça Joaquim António de Aguiar,EDP - EDP Comercial,0.304,2.335,0.576,75,583,144,37,"€0,004/min ",,,Mennekes,SOCKET,Disponível,Disponível
EVR-90008-2,Évora,Rua da Agricultura,EDP - EDP Comercial,0.304,2.335,0.576,75,583,144,37,"€0,004/min ",,,Mennekes,SOCKET,Disponível,Disponível
EVR-90008-1,Évora,Rua da Agricultura,EDP - EDP Comercial,0.304,2.335,0.576,75,583,144,37,"€0,004/min ",,,Mennekes,SOCKET,Disponível,Disponível
EVR-90009-1,Évora,Rua de Olivença,EDP - EDP Comercial,0.304,2.335,0.576,75,583,144,37,"€0,004/min ",,,Mennekes,SOCKET,Disponível,Em uso
EVR-90009-2,Évora,Rua de Olivença,EDP - EDP Comercial,0.304,2.335,0.576,75,583,144,37,"€0,004/min ",,,Mennekes,SOCKET,Disponível,Disponível
EVR-90001-2,Évora,Praça Porta da Lagoa,GLP - Galp,0.448,3.444,0.850,75,583,144,37,"€0,0059/min ",,,Mennekes,SOCKET,Disponível,Disponível
EVR-90001-1,Évora,Praça Porta da Lagoa,GLP - Galp,0.448,3.444,0.850,75,583,144,37,"€0,0059/min ",,,Mennekes,SOCKET,Disponível,Disponível
EVR-90003-1,Évora,Rua Cardeal Rei,GLP - Galp,0.448,3.444,0.850,75,583,144,37,"€0,0059/min ",,,Mennekes,SOCKET,Disponível,Em uso
EVR-90003-2,Évora,Rua Cardeal Rei,GLP - Galp,0.448,3.444,0.850,75,583,144,37,"€0,0059/min ",,,Mennekes,SOCKET,Disponível,Disponível
EVR-00014-1,Évora,Hotel Vila Galé Evora,EDP - EDP Comercial,2.836,9.735,5.337,37,583,144,74,"€0,297/charge ","€0,06/kWh ","€0,01/min ",Mennekes,SOCKET,Disponível,Disponível
EVR-00015-1,Évora,Hotel Vila Galé Evora,EDP - EDP Comercial,2.836,9.735,5.337,37,583,144,74,"€0,297/charge ","€0,06/kWh ","€0,01/min ",Mennekes,SOCKET,Disponível,Disponível
EVR-00012-1,Évora,Hotel Pestana Pousada Convento Évora,EDP - EDP Comercial,2.847,9.735,5.337,39,583,144,72,"€0,297/charge ","€0,06/kWh ","€0,01/min ",Mennekes,SOCKET,Disponível,Disponível
EVR-00013-1,Évora,Hotel Pestana Pousada Convento Évora,EDP - EDP Comercial,2.847,9.735,5.337,39,583,144,72,"€0,297/charge ","€0,06/kWh ","€0,01/min ",Mennekes,SOCKET,Disponível,Disponível
EVR-00023-02,Évora,Évora Hotel - Av. Túlio Espanca,"VEI - Veimonte – Comércio de Veículos de Montemor, Lda",4.129,17.814,4.620,127,583,144,22,"€0,3/charge ","€0,03/min ",,Mennekes,CABLE,Disponível,Disponível
EVR-00023-01,Évora,Évora Hotel - Av. Túlio Espanca,"VEI - Veimonte – Comércio de Veículos de Montemor, Lda",4.129,17.814,4.620,127,583,144,22,"€0,3/charge ","€0,03/min ",,Mennekes,SOCKET,Disponível,Disponível
EVR-00024-02,Évora,Everybody Fitness - Rua Luís Adelino Fonseca,"VEI - Veimonte – Comércio de Veículos de Montemor, Lda",4.129,17.814,4.620,127,583,144,22,"€0,3/charge ","€0,03/min ",,Mennekes,CABLE,Disponível,Disponível
EVR-00024-01,Évora,Everybody Fitness - Rua Luís Adelino Fonseca,"VEI - Veimonte – Comércio de Veículos de Montemor, Lda",4.129,17.814,4.620,127,583,144,22,"€0,3/charge ","€0,03/min ",,Mennekes,SOCKET,Disponível,Disponível
EVR-00016-1,Évora,Ecorkhotel Évora,"VEI - Veimonte – Comércio de Veículos de Montemor, Lda",4.329,18.014,4.820,127,583,144,22,"€0,5/charge ","€0,03/min ",,Mennekes,SOCKET,Disponível,Disponível
EVR-00016-2,Évora,Ecorkhotel Évora,"VEI - Veimonte – Comércio de Veículos de Montemor, Lda",4.329,18.014,4.820,127,583,144,22,"€0,5/charge ","€0,03/min ",,Mennekes,SOCKET,Disponível,Disponível
EVR-00017-01,Évora,Rua Horta das Figueiras,KLC - Atlante,4.493,46.703,11.520,56,583,144,50,"€0,08/min ",,,CHAdeMO,CABLE,Disponível,Disponível
EVR-00017-02,Évora,Rua Horta das Figueiras,KLC - Atlante,4.493,46.703,11.520,56,583,144,50,"€0,08/min ",,,CCS,CABLE,Disponível,Disponível
EVR-00019-02,Évora,Rua Dionísio de Aires Moleiro,HRZ - Power dot,4.767,20.732,5.340,127,583,144,22,"€0,3/charge ","€0,035/min ",,Mennekes,SOCKET,Disponível,Disponível
EVR-00019-01,Évora,Rua Dionísio de Aires Moleiro,HRZ - Power dot,4.767,20.732,5.340,127,583,144,22,"€0,3/charge ","€0,035/min ",,Mennekes,SOCKET,Disponível,Disponível
EVR-00017-03,Évora,Rua Horta das Figueiras,KLC - Atlante,5.224,46.703,11.520,65,583,144,43,"€0,08/min ",,,Mennekes,CABLE,Disponível,Disponível
MMN-00005-01,Montemor-o-Novo,A6 km 55.4 Oeste-Este,GLG - Galpgeste,5.239,23.028,5.877,127,583,144,22,"€0,2608/charge ","€0,039/min ",,Mennekes,SOCKET,Disponível,Disponível
MMN-00005-02,Montemor-o-Novo,A6 km 55.4 Oeste-Este,GLG - Galpgeste,5.239,23.028,5.877,127,583,144,22,"€0,2608/charge ","€0,039/min ",,Mennekes,SOCKET,Disponível,Disponível
MMN-00006-01,Montemor-o-Novo,A6 km 55.4 Este-Oeste,GLG - Galpgeste,5.239,23.028,5.877,127,583,144,22,"€0,2608/charge ","€0,039/min ",,Mennekes,SOCKET,Disponível,Disponível
MMN-00006-02,Montemor-o-Novo,A6 km 55.4 Este-Oeste,GLG - Galpgeste,5.239,23.028,5.877,127,583,144,22,"€0,2608/charge ","€0,039/min ",,Mennekes,SOCKET,Disponível,Disponível
EVR-00011-02,Évora,Rua do Chafariz Del Rei,EDP - EDP Comercial,5.335,55.459,13.680,56,583,144,50,"€0,095/min ",,,CCS,CABLE,Disponível,Disponível
EVR-00011-01,Évora,Rua do Chafariz Del Rei,EDP - EDP Comercial,5.335,55.459,13.680,56,583,144,50,"€0,095/min ",,,CHAdeMO,CABLE,Disponível,Disponível
EVR-00026-1,Évora,RUA DA BARBA RALA N1-A,MOO - MOON-POWER,5.912,58.674,14.696,56,583,144,50,"€0,296/charge ","€0,1/min ",,CCS,CABLE,Disponível,Disponível
EVR-00018-01,Évora,Avenida Túlio Espanca,HRZ - Power dot,5.916,58.678,14.700,56,583,144,50,"€0,3/charge ","€0,1/min ",,CHAdeMO,CABLE,Disponível,Disponível
EVR-00018-02,Évora,Avenida Túlio Espanca,HRZ - Power dot,5.916,58.678,14.700,56,583,144,50,"€0,3/charge ","€0,1/min ",,CCS,CABLE,Disponível,Disponível
EVR-00021-01,Évora,R. da Quinta da Alcântara,HRZ - Power dot,5.916,58.678,14.700,56,583,144,50,"€0,3/charge ","€0,1/min ",,CHAdeMO,CABLE,Disponível,Disponível
EVR-00021-02,Évora,R. da Quinta da Alcântara,HRZ - Power dot,5.916,58.678,14.700,56,583,144,50,"€0,3/charge ","€0,1/min ",,CCS,CABLE,Disponível,Disponível
EVR-00029-02,Évora,R. Bento de Jesus Caraça 1,KLC - Atlante,6.178,64.216,15.840,56,583,144,50,"€0,11/min ",,,CCS,CABLE,Disponível,Disponível
EVR-00029-03,Évora,R. Bento de Jesus Caraça 1,KLC - Atlante,6.178,64.216,15.840,56,583,144,50,"€0,11/min ",,,CHAdeMO,CABLE,Disponível,Disponível
EVR-00011-03,Évora,Rua do Chafariz Del Rei,EDP - EDP Comercial,6.204,55.459,13.680,65,583,144,43,"€0,095/min ",,,Mennekes,CABLE,Disponível,Disponível
EVR-00018-03,Évora,Avenida Túlio Espanca,HRZ - Power dot,6.830,58.678,14.700,65,583,144,43,"€0,3/charge ","€0,1/min ",,Mennekes,CABLE,Disponível,Disponível
MMN-00001-01,Montemor-o-Novo,"A6 Km 55,4 (Marateca/Caia)",GLG - Galpgeste,7.000,70.315,17.541,56,583,144,50,"€0,2608/charge ","€0,12/min ",,CHAdeMO,CABLE,Disponível,Disponível
MMN-00001-02,Montemor-o-Novo,"A6 Km 55,4 (Marateca/Caia)",GLG - Galpgeste,7.000,70.315,17.541,56,583,144,50,"€0,2608/charge ","€0,12/min ",,CCS,CABLE,Disponível,Disponível
EVR-00022-01,Évora,RUA DA BARBA RALA N1-A,MOO - MOON-POWER,7.296,117.053,29.096,35,583,144,300,"€0,296/charge ","€0,2/min ",,CCS,CABLE,Disponível,Disponível
EVR-00022-02,Évora,RUA DA BARBA RALA N1-A,MOO - MOON-POWER,7.296,117.053,29.096,35,583,144,300,"€0,296/charge ","€0,2/min ",,CCS,CABLE,Disponível,Disponível
MMN-00001-03,Montemor-o-Novo,"A6 Km 55,4 (Marateca/Caia)",GLG - Galpgeste,8.097,70.315,17.541,65,583,144,43,"€0,2608/charge ","€0,12/min ",,Mennekes,CABLE,Disponível,Disponível
EVR-00021-03,Évora,R. da Quinta da Alcântara,HRZ - Power dot,13.064,58.678,14.700,127,583,144,22,"€0,3/charge ","€0,1/min ",,Mennekes,CABLE,Disponível,Disponível
EVR-00029-01,Évora,R. Bento de Jesus Caraça 1,KLC - Atlante,14.040,64.216,15.840,127,583,144,22,"€0,11/min ",,,Mennekes,CABLE,Disponível,Disponível
EVR-00022-03,Évora,RUA DA BARBA RALA N1-A,MOO - MOON-POWER,25.823,117.053,29.096,127,583,144,22,"€0,296/charge ","€0,2/min ",,Mennekes,SOCKET,Disponível,Disponível
